{"count":1,"self":407.03229439999996,"total":411.16878629999997,"children":{"InitializeActuators":{"count":2,"self":0.0016384,"total":0.0016384,"children":null},"InitializeSensors":{"count":2,"self":0.0029495999999999997,"total":0.0029495999999999997,"children":null},"AgentSendState":{"count":20258,"self":0.4825296,"total":0.5353979,"children":{"CollectObservations":{"count":4052,"self":0.0066124999999999995,"total":0.0066124999999999995,"children":null},"WriteActionMask":{"count":4052,"self":0.0058122,"total":0.0058122,"children":null},"RequestDecision":{"count":4052,"self":0.040443599999999996,"total":0.040443599999999996,"children":null}}},"DecideAction":{"count":20258,"self":3.2665444,"total":3.2861282,"children":{"RayPerceptionSensor.Perceive":{"count":8104,"self":0.0195838,"total":0.0195838,"children":null}}},"AgentAct":{"count":20258,"self":0.30937929999999997,"total":0.30937929999999997,"children":null}},"gauges":{"PushBlock.CumulativeReward":{"count":34,"max":4.9846,"min":-0.7849696,"runningAverage":4.734407,"value":4.91899967,"weightedAverage":4.64149761}},"metadata":{"timer_format_version":"0.1.0","start_time_seconds":"1752932521","unity_version":"2023.2.3f1","command_line_arguments":"D:\\Unity\\2023.2.3f1\\Editor\\Unity.exe -projectpath F:\\Project Game\\AI_TRAINING -useHub -hubIPC -cloudEnvironment production -licensingIpc LicenseClient-Admin -hubSessionId 563f069c-720e-474a-af31-6b0a463433ce -accessToken yo0xp84lUjALAN5854HLopI6kH-E3fpGOGGw_MxniuU011f","communication_protocol_version":"1.5.0","com.unity.ml-agents_version":"2.0.1","scene_name":"PushBlock","end_time_seconds":"1752932932"}}